model,precision_at_10,recall_at_10,ndcg_at_10,n_users
Content-FULL,0.3899999999999999,0.07266459602851136,0.7088372306626576,50
Content-KBEST,0.312,0.06148488710265678,0.6068357609399903,50
